Config, run1, run2, run3, run4, run5, M, N, R, operation
O1_add, 6.6593e-05, 5.2311e-05, 4.9705e-05, 5.257e-05, 5.9811e-05, 100, 100, 100, 1
O1_add, 0.00153601, 0.0015651, 0.00158609, 0.00158793, 0.00159565, 500, 500, 500, 1
O1_add, 0.00517051, 0.00513226, 0.00517523, 0.00508238, 0.00513432, 1000, 1000, 1000, 1
O1_add, 0.0185673, 0.0185425, 0.0183851, 0.0184332, 0.0185166, 2000, 2000, 2000, 1
O1_add, 0.0700484, 0.0697443, 0.0697877, 0.0695735, 0.0694428, 4000, 4000, 4000, 1
O1_sub, 5.4684e-05, 5.1578e-05, 5.1188e-05, 4.8884e-05, 5.2461e-05, 100, 100, 100, 2
O1_sub, 0.00143075, 0.00113552, 0.00118008, 0.00121755, 0.00131546, 500, 500, 500, 2
O1_sub, 0.00466501, 0.00447279, 0.00450687, 0.00448449, 0.00450002, 1000, 1000, 1000, 2
O1_sub, 0.0180679, 0.0176921, 0.0177979, 0.0176398, 0.0176767, 2000, 2000, 2000, 2
O1_sub, 0.0676613, 0.0678273, 0.0681591, 0.0678933, 0.0679996, 4000, 4000, 4000, 2
O1_matmul, 0.00128993, 0.00113011, 0.00123724, 0.00137937, 0.00135176, 100, 100, 100, 3
O1_matmul, 0.0663213, 0.0665686, 0.0668194, 0.0666949, 0.0666835, 500, 500, 500, 3
O1_matmul, 0.538615, 0.538484, 0.538652, 0.539888, 0.538914, 1000, 1000, 1000, 3
O1_matmul, 4.42919, 4.41459, 4.46896, 4.54963, 4.48757, 2000, 2000, 2000, 3
O1_matmul, 37.0351, 37.1253, 37.0638, 37.08, 37.054, 4000, 4000, 4000, 3
O1_scalar, 7.923e-05, 5.3772e-05, 9.2431e-05, 5.983e-05, 6.2717e-05, 100, 100, 100, 4
O1_scalar, 0.00159676, 0.00119394, 0.000974458, 0.000960016, 0.000928407, 500, 500, 500, 4
O1_scalar, 0.00325148, 0.00278149, 0.00289185, 0.00293968, 0.0030759, 1000, 1000, 1000, 4
O1_scalar, 0.0153873, 0.0150843, 0.0150914, 0.0151921, 0.0154466, 2000, 2000, 2000, 4
O1_scalar, 0.0570919, 0.0570888, 0.0570473, 0.0570413, 0.0570261, 4000, 4000, 4000, 4
O1_transpose, 4.3997e-05, 4.562e-05, 4.0922e-05, 3.98e-05, 4.2525e-05, 100, 100, 100, 5
O1_transpose, 0.00134079, 0.00105012, 0.00110749, 0.0011663, 0.00138565, 500, 500, 500, 5
O1_transpose, 0.00517534, 0.00492256, 0.00484825, 0.00449526, 0.00440929, 1000, 1000, 1000, 5
O1_transpose, 0.0218209, 0.0216907, 0.022035, 0.0216618, 0.0217846, 2000, 2000, 2000, 5
O1_transpose, 0.0798291, 0.0797506, 0.0790058, 0.0792748, 0.0791989, 4000, 4000, 4000, 5
O1_sub_mul, 0.000118471, 9.3494e-05, 9.219e-05, 9.2432e-05, 9.2911e-05, 100, 100, 100, 6
O1_sub_mul, 0.00338947, 0.00320842, 0.00362613, 0.0036445, 0.00354564, 500, 500, 500, 6
O1_sub_mul, 0.010632, 0.00953972, 0.0109603, 0.011892, 0.0114799, 1000, 1000, 1000, 6
O1_sub_mul, 0.0369804, 0.0369989, 0.0373122, 0.036737, 0.0368338, 2000, 2000, 2000, 6
O1_sub_mul, 0.143709, 0.14771, 0.148018, 0.148123, 0.144277, 4000, 4000, 4000, 6
O2_add, 5.5875e-05, 3.7657e-05, 3.7597e-05, 3.5944e-05, 3.5494e-05, 100, 100, 100, 1
O2_add, 0.00131708, 0.00103833, 0.00118779, 0.00124687, 0.00124999, 500, 500, 500, 1
O2_add, 0.0044999, 0.00429632, 0.00446049, 0.00445912, 0.00438355, 1000, 1000, 1000, 1
O2_add, 0.0168916, 0.0168862, 0.0169978, 0.0169123, 0.0166535, 2000, 2000, 2000, 1
O2_add, 0.0641749, 0.0635123, 0.0638529, 0.0633418, 0.0630673, 4000, 4000, 4000, 1
O2_sub, 3.848e-05, 3.8419e-05, 3.5965e-05, 4.0402e-05, 3.6886e-05, 100, 100, 100, 2
O2_sub, 0.00132539, 0.00110151, 0.00119908, 0.0012648, 0.00126888, 500, 500, 500, 2
O2_sub, 0.00434545, 0.00436242, 0.00432007, 0.0043991, 0.00441109, 1000, 1000, 1000, 2
O2_sub, 0.0167585, 0.016472, 0.0167227, 0.0162846, 0.0165277, 2000, 2000, 2000, 2
O2_sub, 0.0629913, 0.0628636, 0.0627263, 0.0630006, 0.0634532, 4000, 4000, 4000, 2
O2_matmul, 0.00105274, 0.000933384, 0.000926364, 0.000906184, 0.000911452, 100, 100, 100, 3
O2_matmul, 0.0431072, 0.0426257, 0.043182, 0.043451, 0.043514, 500, 500, 500, 3
O2_matmul, 0.345803, 0.354119, 0.343469, 0.348454, 0.35375, 1000, 1000, 1000, 3
O2_matmul, 2.8633, 2.91698, 3.0009, 2.90336, 2.82596, 2000, 2000, 2000, 3
O2_matmul, 24.4003, 24.5745, 24.4656, 24.5707, 24.4669, 4000, 4000, 4000, 3
O2_scalar, 5.7809e-05, 5.0727e-05, 5.2812e-05, 5.1208e-05, 4.9015e-05, 100, 100, 100, 4
O2_scalar, 0.00162026, 0.00145096, 0.00135535, 0.00128402, 0.00129163, 500, 500, 500, 4
O2_scalar, 0.00366138, 0.00347731, 0.00344736, 0.00342881, 0.00353468, 1000, 1000, 1000, 4
O2_scalar, 0.0141931, 0.0136679, 0.0143299, 0.0140672, 0.0135288, 2000, 2000, 2000, 4
O2_scalar, 0.051944, 0.0503457, 0.0483851, 0.0537441, 0.0541996, 4000, 4000, 4000, 4
O2_transpose, 4.4758e-05, 3.7758e-05, 3.6746e-05, 3.5594e-05, 3.7648e-05, 100, 100, 100, 5
O2_transpose, 0.00137993, 0.000943321, 0.000954507, 0.00111381, 0.00120727, 500, 500, 500, 5
O2_transpose, 0.00496023, 0.00488103, 0.00500631, 0.00489744, 0.00467992, 1000, 1000, 1000, 5
O2_transpose, 0.0200625, 0.0200967, 0.019873, 0.0200261, 0.0201503, 2000, 2000, 2000, 5
O2_transpose, 0.0938242, 0.0918019, 0.0927535, 0.0927871, 0.0938509, 4000, 4000, 4000, 5
O2_sub_mul, 0.000111931, 7.9631e-05, 7.5775e-05, 7.7248e-05, 7.4784e-05, 100, 100, 100, 6
O2_sub_mul, 0.00337098, 0.00369211, 0.00349213, 0.00329031, 0.00315773, 500, 500, 500, 6
O2_sub_mul, 0.00995439, 0.00868671, 0.00904645, 0.00993056, 0.00886922, 1000, 1000, 1000, 6
O2_sub_mul, 0.0345565, 0.0342451, 0.0341295, 0.0332168, 0.0329302, 2000, 2000, 2000, 6
O2_sub_mul, 0.139624, 0.141929, 0.142471, 0.142457, 0.140517, 4000, 4000, 4000, 6
O3_add, 5.0036e-05, 3.8268e-05, 3.6135e-05, 3.4213e-05, 3.5865e-05, 100, 100, 100, 1
O3_add, 0.00133239, 0.000913394, 0.000893334, 0.000876388, 0.000919995, 500, 500, 500, 1
O3_add, 0.00390512, 0.00393594, 0.00405367, 0.00411313, 0.0041105, 1000, 1000, 1000, 1
O3_add, 0.0165636, 0.0167702, 0.0171928, 0.0166912, 0.0164256, 2000, 2000, 2000, 1
O3_add, 0.0625346, 0.0630928, 0.0631131, 0.0628933, 0.0626854, 4000, 4000, 4000, 1
O3_sub, 4.0582e-05, 3.5535e-05, 3.4794e-05, 3.2941e-05, 3.5194e-05, 100, 100, 100, 2
O3_sub, 0.00123817, 0.000911902, 0.000894795, 0.000939945, 0.000943901, 500, 500, 500, 2
O3_sub, 0.00360767, 0.00379334, 0.00393926, 0.0038955, 0.00393497, 1000, 1000, 1000, 2
O3_sub, 0.0155255, 0.0162539, 0.0160949, 0.0162589, 0.0160246, 2000, 2000, 2000, 2
O3_sub, 0.0620138, 0.0607546, 0.0610491, 0.0634038, 0.0600293, 4000, 4000, 4000, 2
O3_matmul, 0.00106485, 0.000955329, 0.000961247, 0.000933825, 0.000908768, 100, 100, 100, 3
O3_matmul, 0.0472662, 0.047026, 0.0470065, 0.0484717, 0.0489798, 500, 500, 500, 3
O3_matmul, 0.37611, 0.377005, 0.366459, 0.37597, 0.376602, 1000, 1000, 1000, 3
O3_matmul, 3.21599, 3.10511, 3.04273, 3.0372, 3.06429, 2000, 2000, 2000, 3
O3_matmul, 26.219, 26.2333, 26.218, 26.1786, 26.7758, 4000, 4000, 4000, 3
O3_scalar, 5.4123e-05, 5.1168e-05, 4.2424e-05, 4.4548e-05, 4.1063e-05, 100, 100, 100, 4
O3_scalar, 0.00140271, 0.00113027, 0.000958763, 0.00096295, 0.000920715, 500, 500, 500, 4
O3_scalar, 0.00332157, 0.00292832, 0.00289937, 0.00314325, 0.00323873, 1000, 1000, 1000, 4
O3_scalar, 0.0133791, 0.0128891, 0.0124495, 0.0122611, 0.0122407, 2000, 2000, 2000, 4
O3_scalar, 0.0483145, 0.0476782, 0.0478135, 0.0475992, 0.0473385, 4000, 4000, 4000, 4
O3_transpose, 4.3096e-05, 3.7287e-05, 5.8038e-05, 3.7808e-05, 3.5564e-05, 100, 100, 100, 5
O3_transpose, 0.00153733, 0.00116876, 0.0011547, 0.00112448, 0.00112166, 500, 500, 500, 5
O3_transpose, 0.00423208, 0.00407393, 0.00402933, 0.00410485, 0.00393471, 1000, 1000, 1000, 5
O3_transpose, 0.0179971, 0.0175664, 0.0180252, 0.0175713, 0.0181168, 2000, 2000, 2000, 5
O3_transpose, 0.0807779, 0.0784903, 0.0777402, 0.0767666, 0.0726641, 4000, 4000, 4000, 5
O3_sub_mul, 9.7959e-05, 8.9206e-05, 8.5951e-05, 7.5666e-05, 7.4504e-05, 100, 100, 100, 6
O3_sub_mul, 0.00289866, 0.00222624, 0.00272988, 0.00303053, 0.00297588, 500, 500, 500, 6
O3_sub_mul, 0.00825505, 0.0084491, 0.0107584, 0.00883203, 0.0103091, 1000, 1000, 1000, 6
O3_sub_mul, 0.03444, 0.0344179, 0.0330048, 0.0301767, 0.0298309, 2000, 2000, 2000, 6
O3_sub_mul, 0.14674, 0.146996, 0.144662, 0.144488, 0.143281, 4000, 4000, 4000, 6
fastmath_add, 0.000133002, 0.000125472, 0.000118401, 0.000116368, 0.000122046, 100, 100, 100, 1
fastmath_add, 0.00305378, 0.00288249, 0.00298608, 0.00301433, 0.00301998, 500, 500, 500, 1
fastmath_add, 0.0105713, 0.0105694, 0.0104139, 0.0104613, 0.0104668, 1000, 1000, 1000, 1
fastmath_add, 0.0401407, 0.040433, 0.0404629, 0.0403779, 0.0405552, 2000, 2000, 2000, 1
fastmath_add, 0.159785, 0.159542, 0.159262, 0.159407, 0.159366, 4000, 4000, 4000, 1
fastmath_sub, 0.000119663, 0.000113572, 0.000113854, 0.000114063, 0.000121286, 100, 100, 100, 2
fastmath_sub, 0.00302566, 0.00297237, 0.00297588, 0.00299584, 0.00298046, 500, 500, 500, 2
fastmath_sub, 0.0104305, 0.010441, 0.0104558, 0.010404, 0.0104601, 1000, 1000, 1000, 2
fastmath_sub, 0.0405425, 0.0404225, 0.0404118, 0.0404148, 0.0404666, 2000, 2000, 2000, 2
fastmath_sub, 0.159362, 0.159213, 0.158697, 0.158586, 0.157683, 4000, 4000, 4000, 2
fastmath_matmul, 0.00413039, 0.00404874, 0.00402109, 0.00415872, 0.00415747, 100, 100, 100, 3
fastmath_matmul, 0.421154, 0.419542, 0.417599, 0.418302, 0.418244, 500, 500, 500, 3
fastmath_matmul, 3.35863, 3.34438, 3.35166, 3.3473, 3.34403, 1000, 1000, 1000, 3
fastmath_matmul, 26.9093, 26.9734, 26.8957, 26.9075, 26.9252, 2000, 2000, 2000, 3
fastmath_matmul, 217.315, 217.313, 217.292, 217.293, 217.295, 4000, 4000, 4000, 3
fastmath_scalar, 0.00011817, 0.000110408, 0.000105471, 0.000110969, 0.000107694, 100, 100, 100, 4
fastmath_scalar, 0.00272457, 0.00262615, 0.00251032, 0.00266276, 0.0026302, 500, 500, 500, 4
fastmath_scalar, 0.00856479, 0.00850298, 0.00822244, 0.008459, 0.00849982, 1000, 1000, 1000, 4
fastmath_scalar, 0.0328843, 0.032981, 0.0328825, 0.0328956, 0.0328607, 2000, 2000, 2000, 4
fastmath_scalar, 0.127246, 0.127645, 0.128458, 0.127729, 0.127816, 4000, 4000, 4000, 4
fastmath_transpose, 9.8782e-05, 8.5131e-05, 8.6772e-05, 8.4399e-05, 8.4739e-05, 100, 100, 100, 5
fastmath_transpose, 0.00280884, 0.00252928, 0.00377588, 0.0037907, 0.0037791, 500, 500, 500, 5
fastmath_transpose, 0.0108707, 0.0108289, 0.0110196, 0.00908109, 0.00917174, 1000, 1000, 1000, 5
fastmath_transpose, 0.0411115, 0.0403137, 0.0414785, 0.0411883, 0.0402058, 2000, 2000, 2000, 5
fastmath_transpose, 0.159145, 0.164963, 0.164589, 0.164364, 0.164817, 4000, 4000, 4000, 5
fastmath_sub_mul, 0.00024246, 0.000231803, 0.00021642, 0.000212435, 0.000213836, 100, 100, 100, 6
fastmath_sub_mul, 0.00639708, 0.00613493, 0.00616667, 0.00611806, 0.00617772, 500, 500, 500, 6
fastmath_sub_mul, 0.0203948, 0.0204527, 0.0205184, 0.020519, 0.0204688, 1000, 1000, 1000, 6
fastmath_sub_mul, 0.0784055, 0.078749, 0.0786301, 0.0781541, 0.0782449, 2000, 2000, 2000, 6
fastmath_sub_mul, 0.309392, 0.309819, 0.3074, 0.305546, 0.309072, 4000, 4000, 4000, 6
native_add, 0.000136759, 0.000131071, 0.00012525, 0.000116818, 0.000118411, 100, 100, 100, 1
native_add, 0.00311798, 0.00312264, 0.00315299, 0.00310518, 0.00311683, 500, 500, 500, 1
native_add, 0.0104664, 0.0104664, 0.0104869, 0.0105225, 0.0105127, 1000, 1000, 1000, 1
native_add, 0.0405307, 0.0403181, 0.040358, 0.0405099, 0.0401807, 2000, 2000, 2000, 1
native_add, 0.15882, 0.161314, 0.154485, 0.160035, 0.159556, 4000, 4000, 4000, 1
native_sub, 0.0001245, 0.000125812, 0.000118932, 0.000116388, 0.000115456, 100, 100, 100, 2
native_sub, 0.0031425, 0.00312172, 0.00313476, 0.00317878, 0.00316633, 500, 500, 500, 2
native_sub, 0.0104537, 0.0104995, 0.0105741, 0.0105724, 0.0104594, 1000, 1000, 1000, 2
native_sub, 0.0405945, 0.0404469, 0.0406303, 0.0404282, 0.0404106, 2000, 2000, 2000, 2
native_sub, 0.15953, 0.158976, 0.158837, 0.158405, 0.15634, 4000, 4000, 4000, 2
native_matmul, 0.00402773, 0.00387087, 0.00392083, 0.00404179, 0.00393168, 100, 100, 100, 3
native_matmul, 0.414785, 0.414958, 0.416698, 0.416519, 0.416249, 500, 500, 500, 3
native_matmul, 3.32476, 3.32469, 3.32791, 3.3219, 3.31752, 1000, 1000, 1000, 3
native_matmul, 26.851, 26.7775, 26.7656, 26.7787, 26.7735, 2000, 2000, 2000, 3
native_matmul, 215.826, 215.772, 215.808, 215.811, 215.764, 4000, 4000, 4000, 3
native_scalar, 0.000109147, 0.000102196, 9.8189e-05, 0.000100913, 0.000106883, 100, 100, 100, 4
native_scalar, 0.00252385, 0.00239568, 0.0023757, 0.00238361, 0.00237825, 500, 500, 500, 4
native_scalar, 0.00764704, 0.00764337, 0.00763476, 0.00757624, 0.00756812, 1000, 1000, 1000, 4
native_scalar, 0.0288669, 0.0297852, 0.0292592, 0.0291153, 0.0289455, 2000, 2000, 2000, 4
native_scalar, 0.11707, 0.113955, 0.116732, 0.11625, 0.115998, 4000, 4000, 4000, 4
native_transpose, 0.000100244, 8.8545e-05, 8.7805e-05, 8.5711e-05, 8.6102e-05, 100, 100, 100, 5
native_transpose, 0.00269374, 0.00255751, 0.00381774, 0.00384967, 0.00384316, 500, 500, 500, 5
native_transpose, 0.0109296, 0.0109019, 0.00934373, 0.00922353, 0.00912874, 1000, 1000, 1000, 5
native_transpose, 0.0403747, 0.0400825, 0.0402387, 0.040566, 0.0403627, 2000, 2000, 2000, 5
native_transpose, 0.164955, 0.164842, 0.164475, 0.164221, 0.16438, 4000, 4000, 4000, 5
native_sub_mul, 0.000238244, 0.000220436, 0.000214818, 0.000251363, 0.000213705, 100, 100, 100, 6
native_sub_mul, 0.00617174, 0.00603621, 0.00603615, 0.00602578, 0.00597887, 500, 500, 500, 6
native_sub_mul, 0.0195378, 0.019804, 0.0197289, 0.0200325, 0.01939, 1000, 1000, 1000, 6
native_sub_mul, 0.0751367, 0.0752568, 0.0741906, 0.0742371, 0.0732441, 2000, 2000, 2000, 6
native_sub_mul, 0.298011, 0.296543, 0.297727, 0.29738, 0.295589, 4000, 4000, 4000, 6
fO3_add, 5.0598e-05, 3.875e-05, 3.5324e-05, 3.4733e-05, 3.4923e-05, 100, 100, 100, 1
fO3_add, 0.00126107, 0.00112681, 0.00109847, 0.0011111, 0.00110278, 500, 500, 500, 1
fO3_add, 0.00437569, 0.0045442, 0.00470357, 0.0044058, 0.00447174, 1000, 1000, 1000, 1
fO3_add, 0.0170117, 0.0170389, 0.0170612, 0.0173352, 0.0168833, 2000, 2000, 2000, 1
fO3_add, 0.0646248, 0.064607, 0.0645956, 0.0630275, 0.0640641, 4000, 4000, 4000, 1
fO3_sub, 5.8449e-05, 4.6172e-05, 3.8709e-05, 3.6175e-05, 3.4232e-05, 100, 100, 100, 2
fO3_sub, 0.00131033, 0.0011388, 0.00118492, 0.00117137, 0.00116529, 500, 500, 500, 2
fO3_sub, 0.0041322, 0.00462398, 0.00478011, 0.00443493, 0.00445242, 1000, 1000, 1000, 2
fO3_sub, 0.0166397, 0.016637, 0.0168219, 0.0165098, 0.0167469, 2000, 2000, 2000, 2
fO3_sub, 0.059104, 0.0585964, 0.0527446, 0.0552281, 0.0546557, 4000, 4000, 4000, 2
fO3_matmul, 0.00106348, 0.0009239, 0.000953796, 0.000918192, 0.000966605, 100, 100, 100, 3
fO3_matmul, 0.0415694, 0.0417431, 0.0410319, 0.0416131, 0.042441, 500, 500, 500, 3
fO3_matmul, 0.330572, 0.330633, 0.33068, 0.344293, 0.345589, 1000, 1000, 1000, 3
fO3_matmul, 2.77868, 2.87969, 2.77253, 2.7644, 2.8709, 2000, 2000, 2000, 3
fO3_matmul, 24.1817, 24.0404, 24.0576, 24.2818, 24.0213, 4000, 4000, 4000, 3
fO3_scalar, 5.1589e-05, 5.3072e-05, 6.2015e-05, 4.6101e-05, 4.592e-05, 100, 100, 100, 4
fO3_scalar, 0.00160351, 0.00115298, 0.000843429, 0.000793922, 0.000784018, 500, 500, 500, 4
fO3_scalar, 0.00316144, 0.00377452, 0.00378257, 0.00385022, 0.00388736, 1000, 1000, 1000, 4
fO3_scalar, 0.0145728, 0.0145948, 0.0149402, 0.0148328, 0.014575, 2000, 2000, 2000, 4
fO3_scalar, 0.0532851, 0.0535644, 0.053765, 0.0536795, 0.0531665, 4000, 4000, 4000, 4
fO3_transpose, 5.0138e-05, 3.8168e-05, 3.4904e-05, 3.4233e-05, 3.3982e-05, 100, 100, 100, 5
fO3_transpose, 0.00168077, 0.000973997, 0.000917711, 0.000876307, 0.000889699, 500, 500, 500, 5
fO3_transpose, 0.00488765, 0.00641203, 0.00642991, 0.00648329, 0.0063432, 1000, 1000, 1000, 5
fO3_transpose, 0.0235156, 0.0225958, 0.0234869, 0.0243092, 0.0240601, 2000, 2000, 2000, 5
fO3_transpose, 0.0964133, 0.0957892, 0.0964154, 0.0952616, 0.0956103, 4000, 4000, 4000, 5
fO3_sub_mul, 0.000102678, 7.5474e-05, 7.2221e-05, 7.0928e-05, 6.9174e-05, 100, 100, 100, 6
fO3_sub_mul, 0.00320304, 0.00270945, 0.00343366, 0.00346228, 0.00348703, 500, 500, 500, 6
fO3_sub_mul, 0.010548, 0.011222, 0.0107532, 0.0111146, 0.0106213, 1000, 1000, 1000, 6
fO3_sub_mul, 0.0364583, 0.0370224, 0.0363004, 0.0360585, 0.0371003, 2000, 2000, 2000, 6
fO3_sub_mul, 0.141483, 0.141809, 0.141878, 0.141954, 0.143553, 4000, 4000, 4000, 6
fO3native_add, 5.247e-05, 4.4077e-05, 3.7247e-05, 3.7497e-05, 3.6847e-05, 100, 100, 100, 1
fO3native_add, 0.00137316, 0.00101758, 0.00102084, 0.00111278, 0.00119945, 500, 500, 500, 1
fO3native_add, 0.00435927, 0.00457974, 0.00452895, 0.00468194, 0.00452103, 1000, 1000, 1000, 1
fO3native_add, 0.017143, 0.0172324, 0.0169555, 0.0171177, 0.0171179, 2000, 2000, 2000, 1
fO3native_add, 0.064261, 0.0648547, 0.0644154, 0.0646469, 0.0645072, 4000, 4000, 4000, 1
fO3native_sub, 4.8774e-05, 4.0042e-05, 3.5455e-05, 3.7988e-05, 3.5975e-05, 100, 100, 100, 2
fO3native_sub, 0.00120339, 0.000976471, 0.000970222, 0.000946535, 0.000989331, 500, 500, 500, 2
fO3native_sub, 0.00445276, 0.00445514, 0.00453958, 0.00448182, 0.00449039, 1000, 1000, 1000, 2
fO3native_sub, 0.0171404, 0.0171189, 0.0169434, 0.0171724, 0.017163, 2000, 2000, 2000, 2
fO3native_sub, 0.0640783, 0.0642323, 0.0634108, 0.0642503, 0.0644309, 4000, 4000, 4000, 2
fO3native_matmul, 0.00107628, 0.000980266, 0.000938473, 0.00087736, 0.000902739, 100, 100, 100, 3
fO3native_matmul, 0.0254828, 0.0249555, 0.0247052, 0.0249419, 0.0248807, 500, 500, 500, 3
fO3native_matmul, 0.195234, 0.195671, 0.196255, 0.195282, 0.196659, 1000, 1000, 1000, 3
fO3native_matmul, 1.62516, 1.585, 1.60806, 1.58824, 1.59469, 2000, 2000, 2000, 3
fO3native_matmul, 15.0209, 15.2626, 15.1203, 15.116, 15.1574, 4000, 4000, 4000, 3
fO3native_scalar, 5.943e-05, 4.9174e-05, 4.7282e-05, 4.9716e-05, 4.7783e-05, 100, 100, 100, 4
fO3native_scalar, 0.0016287, 0.00113227, 0.000800103, 0.000760211, 0.000760651, 500, 500, 500, 4
fO3native_scalar, 0.00306026, 0.00271456, 0.0025821, 0.0027758, 0.00286359, 1000, 1000, 1000, 4
fO3native_scalar, 0.0142334, 0.0143255, 0.0142239, 0.014196, 0.0142089, 2000, 2000, 2000, 4
fO3native_scalar, 0.05456, 0.0551943, 0.0544237, 0.0544573, 0.0542644, 4000, 4000, 4000, 4
fO3native_transpose, 4.3247e-05, 3.5674e-05, 3.4873e-05, 3.4573e-05, 3.5584e-05, 100, 100, 100, 5
fO3native_transpose, 0.00158886, 0.000947167, 0.00087108, 0.000881976, 0.000887535, 500, 500, 500, 5
fO3native_transpose, 0.00441099, 0.00333441, 0.00377967, 0.00389308, 0.00401703, 1000, 1000, 1000, 5
fO3native_transpose, 0.0229705, 0.0226355, 0.0220916, 0.021624, 0.0225839, 2000, 2000, 2000, 5
fO3native_transpose, 0.0942094, 0.0952254, 0.0942283, 0.0952224, 0.0959214, 4000, 4000, 4000, 5
fO3native_sub_mul, 0.000107584, 7.5245e-05, 6.9306e-05, 7.0657e-05, 7.0628e-05, 100, 100, 100, 6
fO3native_sub_mul, 0.00302587, 0.00187652, 0.00198011, 0.00224952, 0.0025965, 500, 500, 500, 6
fO3native_sub_mul, 0.00964795, 0.00846705, 0.00965627, 0.00949784, 0.0096642, 1000, 1000, 1000, 6
fO3native_sub_mul, 0.0346236, 0.0343189, 0.034469, 0.0347464, 0.0342545, 2000, 2000, 2000, 6
fO3native_sub_mul, 0.13993, 0.140591, 0.139933, 0.138392, 0.139008, 4000, 4000, 4000, 6
