Config, run1, run2, run3, run4, run5, M, N, R, operation , threads
fO3native_add, 8.343e-06, 6.429e-06, 3.857e-06, 3.575e-06, 4.569e-06, 10, 10, 10, 1 , 1
fO3native_add, 5.736e-06, 7.698e-06, 6.327e-06, 6.654e-06, 5.685e-06, 25, 25, 25, 1 , 1
fO3native_add, 1.4121e-05, 1.2888e-05, 1.4826e-05, 1.5539e-05, 1.4291e-05, 50, 50, 50, 1 , 1
fO3native_add, 2.9764e-05, 2.6325e-05, 2.7447e-05, 2.8388e-05, 3.036e-05, 100, 100, 100, 1 , 1
fO3native_add, 0.000741194, 0.000819699, 0.000854255, 0.000909548, 0.000838667, 500, 500, 500, 1 , 1
fO3native_add, 0.00398463, 0.00385833, 0.00365044, 0.00405912, 0.00374315, 1000, 1000, 1000, 1 , 1
fO3native_add, 0.014703, 0.0147313, 0.015231, 0.0151453, 0.0160509, 2000, 2000, 2000, 1 , 1
fO3native_add, 0.0620231, 0.0581131, 0.0579381, 0.058351, 0.0626579, 4000, 4000, 4000, 1 , 1
fO3native_sub, 5.902e-06, 4.581e-06, 3.862e-06, 4.482e-06, 5.463e-06, 10, 10, 10, 2 , 1
fO3native_sub, 5.489e-06, 6.835e-06, 5.825e-06, 5.332e-06, 5.848e-06, 25, 25, 25, 2 , 1
fO3native_sub, 1.3807e-05, 1.4886e-05, 1.3455e-05, 1.3854e-05, 1.3396e-05, 50, 50, 50, 2 , 1
fO3native_sub, 2.9525e-05, 3.0083e-05, 2.8013e-05, 2.7695e-05, 2.6828e-05, 100, 100, 100, 2 , 1
fO3native_sub, 0.000784534, 0.000872437, 0.00083649, 0.000946974, 0.0009481, 500, 500, 500, 2 , 1
fO3native_sub, 0.00372076, 0.00363829, 0.00363902, 0.00373503, 0.00360478, 1000, 1000, 1000, 2 , 1
fO3native_sub, 0.0149802, 0.0146518, 0.0146204, 0.0150302, 0.0144406, 2000, 2000, 2000, 2 , 1
fO3native_sub, 0.0621614, 0.0607596, 0.0586765, 0.058924, 0.0579484, 4000, 4000, 4000, 2 , 1
fO3native_matmul, 0.000216668, 0.000241606, 0.000233312, 0.000243969, 0.000249841, 10, 10, 10, 3 , 1
fO3native_matmul, 0.000220022, 0.00025832, 0.000251773, 0.000261864, 0.000256995, 25, 25, 25, 3 , 1
fO3native_matmul, 0.000252183, 0.000287684, 0.000287764, 0.000260817, 0.000244277, 50, 50, 50, 3 , 1
fO3native_matmul, 0.000376385, 0.000352773, 0.00035203, 0.000362822, 0.000341103, 100, 100, 100, 3 , 1
fO3native_matmul, 0.0115476, 0.0108959, 0.0110867, 0.0147623, 0.0152126, 500, 500, 500, 3 , 1
fO3native_matmul, 0.0625098, 0.0684521, 0.0644376, 0.0594306, 0.063727, 1000, 1000, 1000, 3 , 1
fO3native_matmul, 0.43867, 0.444002, 0.466416, 0.493748, 0.44379, 2000, 2000, 2000, 3 , 1
fO3native_matmul, 3.62982, 3.36726, 3.57273, 3.43805, 3.56056, 4000, 4000, 4000, 3 , 1
fO3native_scalar, 1.3153e-05, 1.4052e-05, 3.326e-06, 4.681e-06, 4.594e-06, 10, 10, 10, 4 , 1
fO3native_scalar, 5.938e-06, 5.793e-06, 6.255e-06, 6.441e-06, 6.323e-06, 25, 25, 25, 4 , 1
fO3native_scalar, 1.4985e-05, 1.521e-05, 1.6253e-05, 1.1549e-05, 1.3269e-05, 50, 50, 50, 4 , 1
fO3native_scalar, 2.6911e-05, 2.6001e-05, 3.6324e-05, 2.6559e-05, 2.8113e-05, 100, 100, 100, 4 , 1
fO3native_scalar, 0.000790464, 0.000713489, 0.000741519, 0.00117374, 0.000961821, 500, 500, 500, 4 , 1
fO3native_scalar, 0.00314499, 0.00256538, 0.00359906, 0.00297029, 0.00247467, 1000, 1000, 1000, 4 , 1
fO3native_scalar, 0.0146186, 0.0142405, 0.0146088, 0.0144314, 0.014299, 2000, 2000, 2000, 4 , 1
fO3native_scalar, 0.0549195, 0.0549904, 0.0550499, 0.0549465, 0.055442, 4000, 4000, 4000, 4 , 1
fO3native_transpose, 5.179e-06, 3.972e-06, 3.5e-06, 2.258e-06, 4.163e-06, 10, 10, 10, 5 , 1
fO3native_transpose, 7.767e-06, 4.593e-06, 4.654e-06, 3.173e-06, 4.474e-06, 25, 25, 25, 5 , 1
fO3native_transpose, 9.497e-06, 1.1014e-05, 1.0736e-05, 9.502e-06, 1.0711e-05, 50, 50, 50, 5 , 1
fO3native_transpose, 3.333e-05, 3.2798e-05, 3.2934e-05, 3.3678e-05, 4.5831e-05, 100, 100, 100, 5 , 1
fO3native_transpose, 0.000886192, 0.000935192, 0.000886176, 0.000850313, 0.000879991, 500, 500, 500, 5 , 1
fO3native_transpose, 0.0041539, 0.00432184, 0.00365269, 0.00475455, 0.00470187, 1000, 1000, 1000, 5 , 1
fO3native_transpose, 0.0221713, 0.0225477, 0.0226772, 0.0224317, 0.0225212, 2000, 2000, 2000, 5 , 1
fO3native_transpose, 0.116532, 0.117881, 0.116951, 0.117705, 0.116449, 4000, 4000, 4000, 5 , 1
fO3native_sub_mul, 7.547e-06, 5.416e-06, 4.783e-06, 5.925e-06, 4.48e-06, 10, 10, 10, 6 , 1
fO3native_sub_mul, 7.645e-06, 7.66e-06, 7.242e-06, 6.721e-06, 8.15e-06, 25, 25, 25, 6 , 1
fO3native_sub_mul, 2.39e-05, 2.3419e-05, 2.1831e-05, 1.9995e-05, 2.1405e-05, 50, 50, 50, 6 , 1
fO3native_sub_mul, 5.4264e-05, 5.4763e-05, 5.3702e-05, 5.4903e-05, 5.7341e-05, 100, 100, 100, 6 , 1
fO3native_sub_mul, 0.00175865, 0.00181199, 0.00164575, 0.00182048, 0.00195891, 500, 500, 500, 6 , 1
fO3native_sub_mul, 0.00837315, 0.00848402, 0.00849208, 0.00826356, 0.00838092, 1000, 1000, 1000, 6 , 1
fO3native_sub_mul, 0.0330322, 0.033073, 0.0332947, 0.0341082, 0.0336703, 2000, 2000, 2000, 6 , 1
fO3native_sub_mul, 0.128571, 0.126915, 0.127761, 0.127579, 0.127713, 4000, 4000, 4000, 6 , 1
fO3native_add, 7.4616e-05, 7.2106e-05, 4.1911e-05, 6.7997e-05, 4.7486e-05, 10, 10, 10, 1 , 2
fO3native_add, 4.4397e-05, 4.1107e-05, 4.1808e-05, 4.7434e-05, 6.8397e-05, 25, 25, 25, 1 , 2
fO3native_add, 5.9505e-05, 7.7805e-05, 7.3473e-05, 7.5274e-05, 6.2286e-05, 50, 50, 50, 1 , 2
fO3native_add, 9.9213e-05, 8.2921e-05, 5.9159e-05, 6.8089e-05, 0.000100841, 100, 100, 100, 1 , 2
fO3native_add, 0.000955077, 0.00105039, 0.00111646, 0.00117462, 0.000890156, 500, 500, 500, 1 , 2
fO3native_add, 0.00423694, 0.00365254, 0.00338046, 0.00379839, 0.00405392, 1000, 1000, 1000, 1 , 2
fO3native_add, 0.0146562, 0.014339, 0.0154823, 0.0136312, 0.0143625, 2000, 2000, 2000, 1 , 2
fO3native_add, 0.0515835, 0.0532816, 0.0529733, 0.0529633, 0.0536217, 4000, 4000, 4000, 1 , 2
fO3native_sub, 7.026e-05, 4.039e-05, 6.3545e-05, 5.8551e-05, 6.9197e-05, 10, 10, 10, 2 , 2
fO3native_sub, 3.6287e-05, 4.3839e-05, 5.9272e-05, 6.1339e-05, 6.434e-05, 25, 25, 25, 2 , 2
fO3native_sub, 4.3508e-05, 4.2651e-05, 7.9644e-05, 6.3867e-05, 6.4264e-05, 50, 50, 50, 2 , 2
fO3native_sub, 5.807e-05, 8.48e-05, 7.8037e-05, 8.8861e-05, 8.7448e-05, 100, 100, 100, 2 , 2
fO3native_sub, 0.000853954, 0.000738793, 0.00072428, 0.00072422, 0.000721121, 500, 500, 500, 2 , 2
fO3native_sub, 0.00352402, 0.00363163, 0.00352651, 0.00344791, 0.00366634, 1000, 1000, 1000, 2 , 2
fO3native_sub, 0.0132918, 0.0130207, 0.0136576, 0.013084, 0.0130824, 2000, 2000, 2000, 2 , 2
fO3native_sub, 0.0514124, 0.0585159, 0.0574988, 0.0506714, 0.0543051, 4000, 4000, 4000, 2 , 2
fO3native_matmul, 0.000247763, 0.000265305, 0.000232553, 0.000269903, 0.0002777, 10, 10, 10, 3 , 2
fO3native_matmul, 0.000298364, 0.000239483, 0.000274234, 0.000238718, 0.000265254, 25, 25, 25, 3 , 2
fO3native_matmul, 0.000383032, 0.000267566, 0.000359841, 0.000313683, 0.000325383, 50, 50, 50, 3 , 2
fO3native_matmul, 0.000461552, 0.000369527, 0.000362875, 0.000425967, 0.000412339, 100, 100, 100, 3 , 2
fO3native_matmul, 0.0161046, 0.0122188, 0.0106725, 0.0141745, 0.0152483, 500, 500, 500, 3 , 2
fO3native_matmul, 0.0627899, 0.0612851, 0.061151, 0.0615226, 0.0632233, 1000, 1000, 1000, 3 , 2
fO3native_matmul, 0.487621, 0.493406, 0.4401, 0.459321, 0.445686, 2000, 2000, 2000, 3 , 2
fO3native_matmul, 3.61906, 3.42125, 3.34206, 3.50903, 3.53514, 4000, 4000, 4000, 3 , 2
fO3native_scalar, 9.2188e-05, 7.4101e-05, 9.2985e-05, 9.5094e-05, 0.000105753, 10, 10, 10, 4 , 2
fO3native_scalar, 7.7832e-05, 0.000106401, 8.3476e-05, 9.1242e-05, 0.000110449, 25, 25, 25, 4 , 2
fO3native_scalar, 0.000127816, 0.000117363, 0.000154251, 0.000122982, 0.000123123, 50, 50, 50, 4 , 2
fO3native_scalar, 0.000171825, 0.000152873, 0.000163805, 0.00014965, 0.00017171, 100, 100, 100, 4 , 2
fO3native_scalar, 0.00134733, 0.00111607, 0.00115405, 0.00116857, 0.0012815, 500, 500, 500, 4 , 2
fO3native_scalar, 0.00197986, 0.00167053, 0.00228391, 0.00239438, 0.00296983, 1000, 1000, 1000, 4 , 2
fO3native_scalar, 0.0133064, 0.0127269, 0.0109195, 0.0128041, 0.0134911, 2000, 2000, 2000, 4 , 2
fO3native_scalar, 0.0523404, 0.0530616, 0.0510109, 0.0515097, 0.0526107, 4000, 4000, 4000, 4 , 2
fO3native_transpose, 9.5815e-05, 5.787e-05, 7.8435e-05, 5.0923e-05, 7.875e-05, 10, 10, 10, 5 , 2
fO3native_transpose, 6.6228e-05, 4.1947e-05, 7.3833e-05, 3.9847e-05, 5.4807e-05, 25, 25, 25, 5 , 2
fO3native_transpose, 7.3636e-05, 6.6645e-05, 6.5539e-05, 6.9649e-05, 4.6976e-05, 50, 50, 50, 5 , 2
fO3native_transpose, 9.1906e-05, 0.000103352, 6.7132e-05, 0.000105238, 9.5082e-05, 100, 100, 100, 5 , 2
fO3native_transpose, 0.000793989, 0.000801308, 0.000847491, 0.000786666, 0.000830679, 500, 500, 500, 5 , 2
fO3native_transpose, 0.00295166, 0.00354297, 0.00358599, 0.00347368, 0.00244071, 1000, 1000, 1000, 5 , 2
fO3native_transpose, 0.0170158, 0.0167476, 0.0171604, 0.0169214, 0.0170615, 2000, 2000, 2000, 5 , 2
fO3native_transpose, 0.0802316, 0.0848447, 0.0844798, 0.0847801, 0.0848833, 4000, 4000, 4000, 5 , 2
fO3native_sub_mul, 5.6601e-05, 3.9809e-05, 6.2409e-05, 7.5068e-05, 4.1389e-05, 10, 10, 10, 6 , 2
fO3native_sub_mul, 6.1381e-05, 6.3815e-05, 7.1832e-05, 6.3059e-05, 4.0704e-05, 25, 25, 25, 6 , 2
fO3native_sub_mul, 7.3187e-05, 7.8461e-05, 7.8705e-05, 8.8266e-05, 9.1255e-05, 50, 50, 50, 6 , 2
fO3native_sub_mul, 0.000117624, 8.7022e-05, 0.000130886, 0.000127174, 0.000120461, 100, 100, 100, 6 , 2
fO3native_sub_mul, 0.00184307, 0.00170518, 0.00163692, 0.0016515, 0.00163205, 500, 500, 500, 6 , 2
fO3native_sub_mul, 0.00751691, 0.00676993, 0.00552592, 0.00641233, 0.0075545, 1000, 1000, 1000, 6 , 2
fO3native_sub_mul, 0.0312889, 0.0330151, 0.0326249, 0.0311701, 0.0318057, 2000, 2000, 2000, 6 , 2
fO3native_sub_mul, 0.117307, 0.11463, 0.116286, 0.117899, 0.116966, 4000, 4000, 4000, 6 , 2
fO3native_add, 0.000205208, 9.7237e-05, 9.8983e-05, 5.5778e-05, 8.4397e-05, 10, 10, 10, 1 , 4
fO3native_add, 9.2433e-05, 8.5888e-05, 7.8456e-05, 9.6672e-05, 0.000100814, 25, 25, 25, 1 , 4
fO3native_add, 9.2545e-05, 0.000101116, 9.4002e-05, 9.6903e-05, 7.4416e-05, 50, 50, 50, 1 , 4
fO3native_add, 0.000107991, 9.3949e-05, 0.000118364, 8.5098e-05, 0.000101558, 100, 100, 100, 1 , 4
fO3native_add, 0.0014881, 0.000829331, 0.000945791, 0.000819874, 0.000953928, 500, 500, 500, 1 , 4
fO3native_add, 0.00427161, 0.00345916, 0.00296891, 0.0035438, 0.00436645, 1000, 1000, 1000, 1 , 4
fO3native_add, 0.0135115, 0.0146597, 0.0146019, 0.0140732, 0.0150513, 2000, 2000, 2000, 1 , 4
fO3native_add, 0.050077, 0.0509994, 0.0516937, 0.0508622, 0.0498668, 4000, 4000, 4000, 1 , 4
fO3native_sub, 0.000124394, 8.9549e-05, 9.7735e-05, 9.2684e-05, 8.5541e-05, 10, 10, 10, 2 , 4
fO3native_sub, 6.2768e-05, 8.1542e-05, 8.6294e-05, 0.000115818, 9.3092e-05, 25, 25, 25, 2 , 4
fO3native_sub, 6.2544e-05, 9.9268e-05, 0.000103535, 0.000108746, 9.5736e-05, 50, 50, 50, 2 , 4
fO3native_sub, 0.000133982, 8.2016e-05, 0.000120792, 0.000168033, 0.000120225, 100, 100, 100, 2 , 4
fO3native_sub, 0.000709419, 0.000661727, 0.000719647, 0.000714803, 0.00077063, 500, 500, 500, 2 , 4
fO3native_sub, 0.00352705, 0.00350673, 0.00346703, 0.00344368, 0.00335726, 1000, 1000, 1000, 2 , 4
fO3native_sub, 0.0131643, 0.0142903, 0.0223934, 0.0132383, 0.0145156, 2000, 2000, 2000, 2 , 4
fO3native_sub, 0.0547139, 0.0497205, 0.0512036, 0.0502345, 0.0501536, 4000, 4000, 4000, 2 , 4
fO3native_matmul, 0.000308813, 0.000297724, 0.000280421, 0.000283049, 0.000254883, 10, 10, 10, 3 , 4
fO3native_matmul, 0.000286564, 0.000258993, 0.000301049, 0.000297662, 0.00028396, 25, 25, 25, 3 , 4
fO3native_matmul, 0.000283439, 0.000325638, 0.000304145, 0.000294531, 0.000328649, 50, 50, 50, 3 , 4
fO3native_matmul, 0.000362799, 0.00054702, 0.000387229, 0.000416266, 0.000380411, 100, 100, 100, 3 , 4
fO3native_matmul, 0.0134317, 0.0110726, 0.00966807, 0.0140856, 0.015031, 500, 500, 500, 3 , 4
fO3native_matmul, 0.0594025, 0.0590699, 0.0590229, 0.0616692, 0.0609909, 1000, 1000, 1000, 3 , 4
fO3native_matmul, 0.446679, 0.447787, 0.436899, 0.440505, 0.441538, 2000, 2000, 2000, 3 , 4
fO3native_matmul, 3.36073, 3.40867, 3.48361, 3.40673, 3.52416, 4000, 4000, 4000, 3 , 4
fO3native_scalar, 0.000113662, 5.7094e-05, 9.0566e-05, 9.1838e-05, 8.9904e-05, 10, 10, 10, 4 , 4
fO3native_scalar, 5.9072e-05, 0.00010457, 0.000100155, 9.3005e-05, 5.6457e-05, 25, 25, 25, 4 , 4
fO3native_scalar, 0.000100201, 9.7431e-05, 0.000117666, 6.1159e-05, 8.1003e-05, 50, 50, 50, 4 , 4
fO3native_scalar, 0.000122759, 0.000114179, 7.7356e-05, 0.000114286, 0.000125338, 100, 100, 100, 4 , 4
fO3native_scalar, 0.00069128, 0.000798959, 0.00068448, 0.000720163, 0.000720603, 500, 500, 500, 4 , 4
fO3native_scalar, 0.00194541, 0.0019604, 0.00348499, 0.00333213, 0.00339819, 1000, 1000, 1000, 4 , 4
fO3native_scalar, 0.0128365, 0.0127025, 0.0129845, 0.0125352, 0.0126712, 2000, 2000, 2000, 4 , 4
fO3native_scalar, 0.0519057, 0.0505873, 0.0491226, 0.0507885, 0.0502222, 4000, 4000, 4000, 4 , 4
fO3native_transpose, 6.6409e-05, 0.000101971, 0.000104698, 5.585e-05, 9.7274e-05, 10, 10, 10, 5 , 4
fO3native_transpose, 8.2795e-05, 9.7437e-05, 6.6764e-05, 9.3247e-05, 0.000104024, 25, 25, 25, 5 , 4
fO3native_transpose, 0.0001033, 7.2849e-05, 0.000101914, 0.000104472, 0.000108008, 50, 50, 50, 5 , 4
fO3native_transpose, 8.4892e-05, 0.000114444, 0.000132283, 9.3452e-05, 0.000139283, 100, 100, 100, 5 , 4
fO3native_transpose, 0.000748226, 0.000733809, 0.000745637, 0.00075493, 0.000784182, 500, 500, 500, 5 , 4
fO3native_transpose, 0.00305716, 0.00355931, 0.00359496, 0.00370352, 0.00356443, 1000, 1000, 1000, 5 , 4
fO3native_transpose, 0.0142106, 0.0147323, 0.0144537, 0.0140572, 0.0139283, 2000, 2000, 2000, 5 , 4
fO3native_transpose, 0.0639515, 0.0636607, 0.0635228, 0.0643536, 0.0986534, 4000, 4000, 4000, 5 , 4
fO3native_sub_mul, 0.000164702, 0.000110847, 6.0881e-05, 7.5648e-05, 9.5173e-05, 10, 10, 10, 6 , 4
fO3native_sub_mul, 0.000103138, 5.9597e-05, 9.7e-05, 0.000116531, 0.000127255, 25, 25, 25, 6 , 4
fO3native_sub_mul, 7.4211e-05, 0.000110464, 0.000113835, 0.000107568, 8.4955e-05, 50, 50, 50, 6 , 4
fO3native_sub_mul, 0.000159256, 0.000162912, 0.000202108, 0.000151158, 0.000151354, 100, 100, 100, 6 , 4
fO3native_sub_mul, 0.0018814, 0.00172861, 0.0016002, 0.00160559, 0.00159324, 500, 500, 500, 6 , 4
fO3native_sub_mul, 0.00611315, 0.00799958, 0.00775867, 0.00728443, 0.00686472, 1000, 1000, 1000, 6 , 4
fO3native_sub_mul, 0.0368177, 0.0311952, 0.0304053, 0.0358908, 0.0312582, 2000, 2000, 2000, 6 , 4
fO3native_sub_mul, 0.121621, 0.130858, 0.122122, 0.130966, 0.12941, 4000, 4000, 4000, 6 , 4
fO3native_add, 0.000147869, 0.000108049, 0.000133159, 0.000117019, 0.000121284, 10, 10, 10, 1 , 8
fO3native_add, 0.000137452, 0.00609674, 0.000143595, 0.000109074, 0.000141964, 25, 25, 25, 1 , 8
fO3native_add, 0.000138831, 0.00292208, 0.000143778, 0.000118326, 0.000150909, 50, 50, 50, 1 , 8
fO3native_add, 0.000160171, 0.000155738, 0.00317396, 0.00720726, 0.002237, 100, 100, 100, 1 , 8
fO3native_add, 0.00513465, 0.0150286, 0.0134158, 0.0140998, 0.0141021, 500, 500, 500, 1 , 8
fO3native_add, 0.00474931, 0.00420738, 0.00446518, 0.00447022, 0.00347997, 1000, 1000, 1000, 1 , 8
fO3native_add, 0.0131479, 0.0136629, 0.013485, 0.0193419, 0.0131464, 2000, 2000, 2000, 1 , 8
fO3native_add, 0.0536062, 0.0599321, 0.0507551, 0.0503864, 0.0548853, 4000, 4000, 4000, 1 , 8
fO3native_sub, 0.00011094, 0.000147344, 0.000123842, 0.000123849, 0.00275573, 10, 10, 10, 2 , 8
fO3native_sub, 0.000155544, 0.000150622, 0.000102232, 0.000752232, 0.000131274, 25, 25, 25, 2 , 8
fO3native_sub, 0.000158644, 0.00011182, 0.000138234, 0.000130707, 0.00221824, 50, 50, 50, 2 , 8
fO3native_sub, 0.000150445, 0.000135934, 0.000160017, 0.00205085, 0.000150192, 100, 100, 100, 2 , 8
fO3native_sub, 0.00334982, 0.000753886, 0.000949914, 0.00081225, 0.000832979, 500, 500, 500, 2 , 8
fO3native_sub, 0.00239682, 0.00331798, 0.0081924, 0.00409, 0.00366265, 1000, 1000, 1000, 2 , 8
fO3native_sub, 0.0180116, 0.0137466, 0.0150499, 0.0132035, 0.0136425, 2000, 2000, 2000, 2 , 8
fO3native_sub, 0.0556634, 0.0500152, 0.0531775, 0.0547446, 0.0585572, 4000, 4000, 4000, 2 , 8
fO3native_matmul, 0.00217203, 0.00246831, 0.00255887, 0.00246355, 0.0023868, 10, 10, 10, 3 , 8
fO3native_matmul, 0.014614, 0.00231071, 0.00329629, 0.00251869, 0.0031732, 25, 25, 25, 3 , 8
fO3native_matmul, 0.00205695, 0.00248793, 0.00230865, 0.00252856, 0.00265804, 50, 50, 50, 3 , 8
fO3native_matmul, 0.00230467, 0.0134679, 0.00209801, 0.00213222, 0.00231739, 100, 100, 100, 3 , 8
fO3native_matmul, 0.0122945, 0.0139873, 0.0144766, 0.0116419, 0.0127817, 500, 500, 500, 3 , 8
fO3native_matmul, 0.0624255, 0.0659084, 0.0591943, 0.0639256, 0.0612949, 1000, 1000, 1000, 3 , 8
fO3native_matmul, 0.430574, 0.432568, 0.429889, 0.424487, 0.439411, 2000, 2000, 2000, 3 , 8
fO3native_matmul, 3.40094, 3.45275, 3.61972, 3.70754, 3.99081, 4000, 4000, 4000, 3 , 8
fO3native_scalar, 0.000134148, 0.000110258, 0.00014195, 0.00011979, 0.00014103, 10, 10, 10, 4 , 8
fO3native_scalar, 0.00012468, 0.00238904, 0.000163044, 0.000124787, 9.9545e-05, 25, 25, 25, 4 , 8
fO3native_scalar, 0.000146081, 0.000123596, 0.000117541, 0.00013487, 0.000127619, 50, 50, 50, 4 , 8
fO3native_scalar, 0.000126568, 0.000131532, 0.000267259, 0.000147603, 0.000156371, 100, 100, 100, 4 , 8
fO3native_scalar, 0.000890457, 0.00078088, 0.00174502, 0.000769831, 0.000886222, 500, 500, 500, 4 , 8
fO3native_scalar, 0.0017252, 0.00174141, 0.00478823, 0.00545884, 0.00357032, 1000, 1000, 1000, 4 , 8
fO3native_scalar, 0.0147161, 0.0131662, 0.0133805, 0.0146244, 0.0132268, 2000, 2000, 2000, 4 , 8
fO3native_scalar, 0.0519877, 0.0549155, 0.0494779, 0.0508985, 0.0492051, 4000, 4000, 4000, 4 , 8
fO3native_transpose, 0.00733142, 0.00750667, 0.000139625, 0.000137671, 0.000109021, 10, 10, 10, 5 , 8
fO3native_transpose, 0.000120096, 0.000129367, 0.000142067, 0.00010459, 0.000126027, 25, 25, 25, 5 , 8
fO3native_transpose, 0.000149942, 0.000160701, 0.000108338, 0.000170033, 0.000127342, 50, 50, 50, 5 , 8
fO3native_transpose, 0.000142552, 0.000136554, 0.000173935, 0.00325582, 0.000152913, 100, 100, 100, 5 , 8
fO3native_transpose, 0.000814679, 0.00374166, 0.00340792, 0.00446518, 0.00951733, 500, 500, 500, 5 , 8
fO3native_transpose, 0.00494254, 0.0019113, 0.00194803, 0.00351039, 0.0024271, 1000, 1000, 1000, 5 , 8
fO3native_transpose, 0.0160735, 0.0160223, 0.0155683, 0.0158684, 0.0160875, 2000, 2000, 2000, 5 , 8
fO3native_transpose, 0.065576, 0.065855, 0.0652568, 0.0650932, 0.0657286, 4000, 4000, 4000, 5 , 8
fO3native_sub_mul, 0.000140521, 0.000104308, 0.00899851, 0.000137257, 0.000128843, 10, 10, 10, 6 , 8
fO3native_sub_mul, 0.000105058, 0.000147427, 0.00948607, 0.000133167, 0.000243147, 25, 25, 25, 6 , 8
fO3native_sub_mul, 0.000147262, 0.00014912, 0.00877603, 0.000151212, 0.000126094, 50, 50, 50, 6 , 8
fO3native_sub_mul, 0.000188693, 0.000187266, 0.00861069, 0.000191654, 0.000161852, 100, 100, 100, 6 , 8
fO3native_sub_mul, 0.00194292, 0.00183501, 0.00178668, 0.00183477, 0.00182889, 500, 500, 500, 6 , 8
fO3native_sub_mul, 0.00825591, 0.00864249, 0.00855853, 0.00893383, 0.00824092, 1000, 1000, 1000, 6 , 8
fO3native_sub_mul, 0.0338567, 0.0337745, 0.0334004, 0.0339912, 0.0339545, 2000, 2000, 2000, 6 , 8
fO3native_sub_mul, 0.121123, 0.121039, 0.120244, 0.125158, 0.122051, 4000, 4000, 4000, 6 , 8
